[{"pk": 1, "model": "auth.permission", "fields": {"codename": "add_permission", "name": "Can add permission", "content_type": 1}}, {"pk": 2, "model": "auth.permission", "fields": {"codename": "change_permission", "name": "Can change permission", "content_type": 1}}, {"pk": 3, "model": "auth.permission", "fields": {"codename": "delete_permission", "name": "Can delete permission", "content_type": 1}}, {"pk": 4, "model": "auth.permission", "fields": {"codename": "add_group", "name": "Can add group", "content_type": 2}}, {"pk": 5, "model": "auth.permission", "fields": {"codename": "change_group", "name": "Can change group", "content_type": 2}}, {"pk": 6, "model": "auth.permission", "fields": {"codename": "delete_group", "name": "Can delete group", "content_type": 2}}, {"pk": 7, "model": "auth.permission", "fields": {"codename": "add_user", "name": "Can add user", "content_type": 3}}, {"pk": 8, "model": "auth.permission", "fields": {"codename": "change_user", "name": "Can change user", "content_type": 3}}, {"pk": 9, "model": "auth.permission", "fields": {"codename": "delete_user", "name": "Can delete user", "content_type": 3}}, {"pk": 10, "model": "auth.permission", "fields": {"codename": "add_contenttype", "name": "Can add content type", "content_type": 4}}, {"pk": 11, "model": "auth.permission", "fields": {"codename": "change_contenttype", "name": "Can change content type", "content_type": 4}}, {"pk": 12, "model": "auth.permission", "fields": {"codename": "delete_contenttype", "name": "Can delete content type", "content_type": 4}}, {"pk": 13, "model": "auth.permission", "fields": {"codename": "add_session", "name": "Can add session", "content_type": 5}}, {"pk": 14, "model": "auth.permission", "fields": {"codename": "change_session", "name": "Can change session", "content_type": 5}}, {"pk": 15, "model": "auth.permission", "fields": {"codename": "delete_session", "name": "Can delete session", "content_type": 5}}, {"pk": 16, "model": "auth.permission", "fields": {"codename": "add_site", "name": "Can add site", "content_type": 6}}, {"pk": 17, "model": "auth.permission", "fields": {"codename": "change_site", "name": "Can change site", "content_type": 6}}, {"pk": 18, "model": "auth.permission", "fields": {"codename": "delete_site", "name": "Can delete site", "content_type": 6}}, {"pk": 19, "model": "auth.permission", "fields": {"codename": "add_book", "name": "Can add book", "content_type": 7}}, {"pk": 20, "model": "auth.permission", "fields": {"codename": "change_book", "name": "Can change book", "content_type": 7}}, {"pk": 21, "model": "auth.permission", "fields": {"codename": "delete_book", "name": "Can delete book", "content_type": 7}}, {"pk": 22, "model": "auth.permission", "fields": {"codename": "add_bookcopy", "name": "Can add book copy", "content_type": 8}}, {"pk": 23, "model": "auth.permission", "fields": {"codename": "change_bookcopy", "name": "Can change book copy", "content_type": 8}}, {"pk": 24, "model": "auth.permission", "fields": {"codename": "delete_bookcopy", "name": "Can delete book copy", "content_type": 8}}, {"pk": 25, "model": "auth.permission", "fields": {"codename": "add_borrowing", "name": "Can add borrowing", "content_type": 9}}, {"pk": 26, "model": "auth.permission", "fields": {"codename": "change_borrowing", "name": "Can change borrowing", "content_type": 9}}, {"pk": 27, "model": "auth.permission", "fields": {"codename": "delete_borrowing", "name": "Can delete borrowing", "content_type": 9}}, {"pk": 28, "model": "auth.permission", "fields": {"codename": "add_myuser", "name": "Can add my user", "content_type": 10}}, {"pk": 29, "model": "auth.permission", "fields": {"codename": "change_myuser", "name": "Can change my user", "content_type": 10}}, {"pk": 30, "model": "auth.permission", "fields": {"codename": "delete_myuser", "name": "Can delete my user", "content_type": 10}}, {"pk": 31, "model": "auth.permission", "fields": {"codename": "add_info", "name": "Can add info", "content_type": 11}}, {"pk": 32, "model": "auth.permission", "fields": {"codename": "change_info", "name": "Can change info", "content_type": 11}}, {"pk": 33, "model": "auth.permission", "fields": {"codename": "delete_info", "name": "Can delete info", "content_type": 11}}, {"pk": 34, "model": "auth.permission", "fields": {"codename": "add_comment", "name": "Can add comment", "content_type": 12}}, {"pk": 35, "model": "auth.permission", "fields": {"codename": "change_comment", "name": "Can change comment", "content_type": 12}}, {"pk": 36, "model": "auth.permission", "fields": {"codename": "delete_comment", "name": "Can delete comment", "content_type": 12}}, {"pk": 37, "model": "auth.permission", "fields": {"codename": "can_comment", "name": "can comment", "content_type": 9}}, {"pk": 38, "model": "auth.permission", "fields": {"codename": "can_manage", "name": "can manage", "content_type": 9}}, {"pk": 39, "model": "auth.permission", "fields": {"codename": "can_search", "name": "can search", "content_type": 9}}, {"pk": 5, "model": "auth.group", "fields": {"name": "NormalUser", "permissions": [37, 39]}}, {"pk": 6, "model": "auth.group", "fields": {"name": "AdvancedUser", "permissions": [37, 39]}}, {"pk": 7, "model": "auth.group", "fields": {"name": "Blacklist", "permissions": [37, 39]}}, {"pk": 8, "model": "auth.group", "fields": {"name": "Admin", "permissions": [37, 38, 39]}}, {"pk": 1, "model": "auth.user", "fields": {"username": "root", "first_name": "", "last_name": "", "is_active": true, "is_superuser": true, "is_staff": true, "last_login": "2013-11-10T13:16:46Z", "groups": [], "user_permissions": [], "password": "pbkdf2_sha256$10000$zLxS7VTHWm7X$HPhx1hVCF+SeyGwDilxSxzNvlxbW721OcS6ZtfvNsLU=", "email": "tuke1993@gmail.com", "date_joined": "2013-11-10T13:16:46Z"}}, {"pk": 32, "model": "auth.user", "fields": {"username": "admin", "first_name": "", "last_name": "", "is_active": true, "is_superuser": false, "is_staff": false, "last_login": "2013-11-15T15:30:26Z", "groups": [8], "user_permissions": [], "password": "123456", "email": "tuke1993@gmail.com", "date_joined": "2013-11-15T15:30:26Z"}}, {"pk": 33, "model": "auth.user", "fields": {"username": "hahaha", "first_name": "", "last_name": "", "is_active": true, "is_superuser": false, "is_staff": false, "last_login": "2013-11-15T15:31:29Z", "groups": [5], "user_permissions": [], "password": "123456", "email": "taccosaw@gmail.com", "date_joined": "2013-11-15T15:31:29Z"}}, {"pk": 34, "model": "auth.user", "fields": {"username": "blacklist", "first_name": "", "last_name": "", "is_active": true, "is_superuser": false, "is_staff": false, "last_login": "2013-11-15T15:32:22Z", "groups": [7], "user_permissions": [], "password": "123451261212", "email": "12123131@qq.com", "date_joined": "2013-11-15T15:32:22Z"}}, {"pk": 35, "model": "auth.user", "fields": {"username": "schur12", "first_name": "", "last_name": "", "is_active": true, "is_superuser": false, "is_staff": false, "last_login": "2013-11-15T21:06:52Z", "groups": [5], "user_permissions": [], "password": "123456", "email": "tuke1993@gmail.com", "date_joined": "2013-11-15T21:06:52Z"}}, {"pk": 36, "model": "auth.user", "fields": {"username": "sima", "first_name": "", "last_name": "", "is_active": true, "is_superuser": false, "is_staff": false, "last_login": "2013-12-13T12:43:38Z", "groups": [5], "user_permissions": [], "password": "pbkdf2_sha256$12000$xHvoSxkqoRae$V2+L173dqVZkMRh0EeasYigplPPuDQOZBD+/jOhz/A8=", "email": "sima@sanguosha.com", "date_joined": "2013-12-13T12:43:38Z"}}, {"pk": 37, "model": "auth.user", "fields": {"username": "zhangjiao", "first_name": "", "last_name": "", "is_active": true, "is_superuser": false, "is_staff": false, "last_login": "2013-12-13T12:45:37Z", "groups": [5], "user_permissions": [], "password": "pbkdf2_sha256$12000$A96a68Yq2M4E$nJwPPN6lnKa6V9hhaW3bM0aQPngJGkRnJ1oOLJsdM80=", "email": "zhangjiao@sanguosha.com", "date_joined": "2013-12-13T12:45:37Z"}}, {"pk": 1, "model": "sites.site", "fields": {"domain": "example.com", "name": "example.com"}}, {"pk": 1, "model": "rt.book", "fields": {"ISBN": "978-7-301-21612-5 CNY48.00", "author": "\u6f58\u627f\u6d1e,\u6f58\u627f\u5f6a", "duartion": 14, "name_cn": "\u521d\u7b49\u6570\u8bba", "translator": "", "name_origin": "", "rate": 4.0, "pub_year": 2013, "revision_origin": 0, "press": "\u5317\u4eac\u5927\u5b66\u51fa\u7248\u793e", "pub_year_origin": 1900, "rate_num": 2, "revision": 3}}, {"pk": 2, "model": "rt.book", "fields": {"ISBN": "978-7-111-31266-6 CNY25.00", "author": "\u9a6c\u9510", "duartion": 14, "name_cn": "\u4eba\u5de5\u795e\u7ecf\u7f51\u7edc\u539f\u7406", "translator": "", "name_origin": "", "rate": 0.0, "pub_year": 2010, "revision_origin": 0, "press": "\u673a\u68b0\u5de5\u4e1a\u51fa\u7248\u793e", "pub_year_origin": 1900, "rate_num": 0, "revision": 0}}, {"pk": 3, "model": "rt.book", "fields": {"ISBN": "978-7-5433-2347-6 CNY16.00", "author": "J.K.Rowling", "duartion": 7, "name_cn": "\u54c8\u5229\u00b7\u6ce2\u7279\u4e0e\u6b7b\u4ea1\u5723\u5668", "translator": "\u9648\u8d5e,\u5218\u54f2", "name_origin": "Harry Potter and the deathly hallows", "rate": 0.0, "pub_year": 2009, "revision_origin": 0, "press": "\u5929\u6d25\u79d1\u6280\u7ffb\u8bd1\u51fa\u7248\u516c\u53f8", "pub_year_origin": 1900, "rate_num": 0, "revision": 0}}, {"pk": 4, "model": "rt.book", "fields": {"ISBN": "978-7-111-40037-0 CNY33.80", "author": "\u738b\u6210", "duartion": 14, "name_cn": "\u6570\u636e\u5e93\u7cfb\u7edf\u5e94\u7528\u6559\u7a0b", "translator": "", "name_origin": "", "rate": 0.0, "pub_year": 2013, "revision_origin": 0, "press": "\u673a\u68b0\u5de5\u4e1a\u51fa\u7248\u793e", "pub_year_origin": 1900, "rate_num": 0, "revision": 0}}, {"pk": 5, "model": "rt.book", "fields": {"ISBN": "978-7-03-036964-2 CNY39.00", "author": "\u767d\u4e2d\u82f1,\u6234\u5fd7\u6d9b", "duartion": 7, "name_cn": "\u8ba1\u7b97\u673a\u7ec4\u6210\u539f\u7406", "translator": "", "name_origin": "", "rate": 0.0, "pub_year": 2013, "revision_origin": 0, "press": "\u79d1\u5b66\u51fa\u7248\u793e", "pub_year_origin": 1900, "rate_num": 0, "revision": 5}}, {"pk": 6, "model": "rt.book", "fields": {"ISBN": "9781597496452", "author": "Eric Knapp", "duartion": 14, "name_cn": "", "translator": "", "name_origin": "Industrial network security : securing critical infrastructure networks for Smart Grid, SCADA , and other industrial control systems", "rate": 0.0, "pub_year": 2011, "revision_origin": 0, "press": "Waltham, MA : Syngress", "pub_year_origin": 1900, "rate_num": 0, "revision": 0}}, {"pk": 1, "model": "rt.bookcopy", "fields": {"book": 1, "location": "\u6587\u56fe2\u697c"}}, {"pk": 2, "model": "rt.bookcopy", "fields": {"book": 1, "location": "\u9038\u592b\u99861\u697cC\u533a"}}, {"pk": 3, "model": "rt.bookcopy", "fields": {"book": 2, "location": "\u9038\u592b\u99861\u697cC\u533a"}}, {"pk": 4, "model": "rt.bookcopy", "fields": {"book": 3, "location": "\u9038\u592b\u99861\u697cC\u533a"}}, {"pk": 5, "model": "rt.bookcopy", "fields": {"book": 4, "location": "\u9038\u592b\u99861\u697cC\u533a"}}, {"pk": 6, "model": "rt.bookcopy", "fields": {"book": 5, "location": "\u9038\u592b\u99861\u697cC\u533a"}}, {"pk": 7, "model": "rt.bookcopy", "fields": {"book": 3, "location": "\u533b\u5b66\u9986J-304"}}, {"pk": 8, "model": "rt.bookcopy", "fields": {"book": 1, "location": "\u6587\u56fe"}}, {"pk": 9, "model": "rt.bookcopy", "fields": {"book": 2, "location": "\u9038\u592b\u9986C\u533a"}}, {"pk": 10, "model": "rt.bookcopy", "fields": {"book": 1, "location": "\u9038\u592b\u9986C\u533a"}}, {"pk": 11, "model": "rt.bookcopy", "fields": {"book": 1, "location": "\u9038\u592b\u9986C\u533a"}}, {"pk": 11, "model": "rt.myuser", "fields": {"user": 32, "name": "\u8001\u5927"}}, {"pk": 12, "model": "rt.myuser", "fields": {"user": 33, "name": "\u6b66\u795e"}}, {"pk": 13, "model": "rt.myuser", "fields": {"user": 34, "name": ">_<"}}, {"pk": 14, "model": "rt.myuser", "fields": {"user": 35, "name": "haha"}}, {"pk": 15, "model": "rt.myuser", "fields": {"user": 36, "name": "\u53f8\u9a6c\u61ff"}}, {"pk": 16, "model": "rt.myuser", "fields": {"user": 37, "name": "\u5f20\u89d2"}}, {"pk": 6, "model": "rt.borrowing", "fields": {"status": 0, "book_copy": 1, "myuser": 11, "is_active": false, "datetime": "2013-11-16T06:07:32Z"}}, {"pk": 7, "model": "rt.borrowing", "fields": {"status": 0, "book_copy": 3, "myuser": 11, "is_active": false, "datetime": "2013-11-16T06:08:28Z"}}, {"pk": 8, "model": "rt.borrowing", "fields": {"status": 1, "book_copy": 1, "myuser": 11, "is_active": false, "datetime": "2013-11-16T06:17:11Z"}}, {"pk": 9, "model": "rt.borrowing", "fields": {"status": 3, "book_copy": 3, "myuser": 11, "is_active": false, "datetime": "2013-11-16T06:26:10Z"}}, {"pk": 10, "model": "rt.borrowing", "fields": {"status": 4, "book_copy": 1, "myuser": 12, "is_active": false, "datetime": "2013-11-16T06:23:42Z"}}, {"pk": 11, "model": "rt.borrowing", "fields": {"status": 4, "book_copy": 1, "myuser": 13, "is_active": true, "datetime": "2013-11-16T06:16:18Z"}}, {"pk": 12, "model": "rt.borrowing", "fields": {"status": 3, "book_copy": 1, "myuser": 11, "is_active": false, "datetime": "2013-11-16T06:21:58Z"}}, {"pk": 13, "model": "rt.borrowing", "fields": {"status": 0, "book_copy": 1, "myuser": 12, "is_active": true, "datetime": "2013-11-16T06:21:58Z"}}, {"pk": 14, "model": "rt.borrowing", "fields": {"status": 0, "book_copy": 2, "myuser": 11, "is_active": true, "datetime": "2013-11-16T06:29:16Z"}}, {"pk": 15, "model": "rt.borrowing", "fields": {"status": 0, "book_copy": 3, "myuser": 11, "is_active": false, "datetime": "2013-11-16T06:29:32Z"}}, {"pk": 16, "model": "rt.borrowing", "fields": {"status": 1, "book_copy": 3, "myuser": 11, "is_active": false, "datetime": "2013-11-16T06:29:33Z"}}, {"pk": 17, "model": "rt.borrowing", "fields": {"status": 2, "book_copy": 3, "myuser": 11, "is_active": false, "datetime": "2013-11-16T06:31:04Z"}}, {"pk": 18, "model": "rt.borrowing", "fields": {"status": 4, "book_copy": 2, "myuser": 12, "is_active": true, "datetime": "2013-11-16T06:30:14Z"}}, {"pk": 19, "model": "rt.borrowing", "fields": {"status": 3, "book_copy": 3, "myuser": 11, "is_active": true, "datetime": "2013-11-16T06:31:04Z"}}, {"pk": 20, "model": "rt.borrowing", "fields": {"status": 0, "book_copy": 5, "myuser": 13, "is_active": false, "datetime": "2013-11-16T06:57:46Z"}}, {"pk": 21, "model": "rt.borrowing", "fields": {"status": 4, "book_copy": 5, "myuser": 12, "is_active": false, "datetime": "2013-11-16T06:57:46Z"}}, {"pk": 22, "model": "rt.borrowing", "fields": {"status": 5, "book_copy": 5, "myuser": 13, "is_active": true, "datetime": "2013-11-16T06:57:46Z"}}, {"pk": 23, "model": "rt.borrowing", "fields": {"status": 0, "book_copy": 6, "myuser": 14, "is_active": true, "datetime": "2013-11-16T07:29:16Z"}}, {"pk": 4, "model": "rt.info", "fields": {"content": "hahahaha, the info exixts", "date": "2013-11-14T14:53:00Z", "species": 0, "title": "Mark"}}, {"pk": 5, "model": "rt.info", "fields": {"content": "the Bird", "date": "2013-11-14T14:58:59Z", "species": 0, "title": "Larry"}}, {"pk": 6, "model": "rt.info", "fields": {"content": "~~~~~~~~~~~~~~~", "date": "2013-11-15T12:36:02Z", "species": 1, "title": "guide!"}}, {"pk": 1, "model": "rt.comment", "fields": {"spoiler": false, "title": "\u543e\u4e43\u5929\u547d\u4e4b\u5b50", "myuser": 15, "datetime": "2013-12-13T14:59:04Z", "content": "\u5929\u547d\uff0c\u54c8\u54c8\u54c8\u54c8~~~", "rate": 5, "book": 1}}, {"pk": 2, "model": "rt.comment", "fields": {"spoiler": false, "title": "\u96f7\u516c\u52a9\u6211", "myuser": 16, "datetime": "2013-12-13T14:59:21Z", "content": "\u4e0e\u6211\u4e4b\u771f\u6c14\uff0c\u548c\u5929\u5730\u4e4b\u9020\u5316", "rate": 3, "book": 1}}, {"pk": 1, "model": "rt.rank", "fields": {"rank": 0, "version": 1, "book": 1, "value": 4.0, "sort_method": 2}}, {"pk": 2, "model": "rt.rank", "fields": {"rank": 1, "version": 1, "book": 2, "value": 0.0, "sort_method": 2}}, {"pk": 3, "model": "rt.rank", "fields": {"rank": 2, "version": 1, "book": 3, "value": 0.0, "sort_method": 2}}, {"pk": 4, "model": "rt.rank", "fields": {"rank": 3, "version": 1, "book": 4, "value": 0.0, "sort_method": 2}}, {"pk": 5, "model": "rt.rank", "fields": {"rank": 4, "version": 1, "book": 5, "value": 0.0, "sort_method": 2}}, {"pk": 6, "model": "rt.rank", "fields": {"rank": 5, "version": 1, "book": 6, "value": 0.0, "sort_method": 2}}]