[{"pk": 1, "model": "auth.permission", "fields": {"codename": "add_permission", "name": "Can add permission", "content_type": 1}}, {"pk": 2, "model": "auth.permission", "fields": {"codename": "change_permission", "name": "Can change permission", "content_type": 1}}, {"pk": 3, "model": "auth.permission", "fields": {"codename": "delete_permission", "name": "Can delete permission", "content_type": 1}}, {"pk": 4, "model": "auth.permission", "fields": {"codename": "add_group", "name": "Can add group", "content_type": 2}}, {"pk": 5, "model": "auth.permission", "fields": {"codename": "change_group", "name": "Can change group", "content_type": 2}}, {"pk": 6, "model": "auth.permission", "fields": {"codename": "delete_group", "name": "Can delete group", "content_type": 2}}, {"pk": 7, "model": "auth.permission", "fields": {"codename": "add_user", "name": "Can add user", "content_type": 3}}, {"pk": 8, "model": "auth.permission", "fields": {"codename": "change_user", "name": "Can change user", "content_type": 3}}, {"pk": 9, "model": "auth.permission", "fields": {"codename": "delete_user", "name": "Can delete user", "content_type": 3}}, {"pk": 10, "model": "auth.permission", "fields": {"codename": "add_contenttype", "name": "Can add content type", "content_type": 4}}, {"pk": 11, "model": "auth.permission", "fields": {"codename": "change_contenttype", "name": "Can change content type", "content_type": 4}}, {"pk": 12, "model": "auth.permission", "fields": {"codename": "delete_contenttype", "name": "Can delete content type", "content_type": 4}}, {"pk": 13, "model": "auth.permission", "fields": {"codename": "add_session", "name": "Can add session", "content_type": 5}}, {"pk": 14, "model": "auth.permission", "fields": {"codename": "change_session", "name": "Can change session", "content_type": 5}}, {"pk": 15, "model": "auth.permission", "fields": {"codename": "delete_session", "name": "Can delete session", "content_type": 5}}, {"pk": 16, "model": "auth.permission", "fields": {"codename": "add_site", "name": "Can add site", "content_type": 6}}, {"pk": 17, "model": "auth.permission", "fields": {"codename": "change_site", "name": "Can change site", "content_type": 6}}, {"pk": 18, "model": "auth.permission", "fields": {"codename": "delete_site", "name": "Can delete site", "content_type": 6}}, {"pk": 19, "model": "auth.permission", "fields": {"codename": "add_book", "name": "Can add book", "content_type": 7}}, {"pk": 20, "model": "auth.permission", "fields": {"codename": "change_book", "name": "Can change book", "content_type": 7}}, {"pk": 21, "model": "auth.permission", "fields": {"codename": "delete_book", "name": "Can delete book", "content_type": 7}}, {"pk": 22, "model": "auth.permission", "fields": {"codename": "add_bookcopy", "name": "Can add book copy", "content_type": 8}}, {"pk": 23, "model": "auth.permission", "fields": {"codename": "change_bookcopy", "name": "Can change book copy", "content_type": 8}}, {"pk": 24, "model": "auth.permission", "fields": {"codename": "delete_bookcopy", "name": "Can delete book copy", "content_type": 8}}, {"pk": 25, "model": "auth.permission", "fields": {"codename": "add_borrowing", "name": "Can add borrowing", "content_type": 9}}, {"pk": 26, "model": "auth.permission", "fields": {"codename": "change_borrowing", "name": "Can change borrowing", "content_type": 9}}, {"pk": 27, "model": "auth.permission", "fields": {"codename": "delete_borrowing", "name": "Can delete borrowing", "content_type": 9}}, {"pk": 28, "model": "auth.permission", "fields": {"codename": "add_myuser", "name": "Can add my user", "content_type": 10}}, {"pk": 29, "model": "auth.permission", "fields": {"codename": "change_myuser", "name": "Can change my user", "content_type": 10}}, {"pk": 30, "model": "auth.permission", "fields": {"codename": "delete_myuser", "name": "Can delete my user", "content_type": 10}}, {"pk": 31, "model": "auth.permission", "fields": {"codename": "add_info", "name": "Can add info", "content_type": 11}}, {"pk": 32, "model": "auth.permission", "fields": {"codename": "change_info", "name": "Can change info", "content_type": 11}}, {"pk": 33, "model": "auth.permission", "fields": {"codename": "delete_info", "name": "Can delete info", "content_type": 11}}, {"pk": 34, "model": "auth.permission", "fields": {"codename": "add_comment", "name": "Can add comment", "content_type": 12}}, {"pk": 35, "model": "auth.permission", "fields": {"codename": "change_comment", "name": "Can change comment", "content_type": 12}}, {"pk": 36, "model": "auth.permission", "fields": {"codename": "delete_comment", "name": "Can delete comment", "content_type": 12}}, {"pk": 37, "model": "auth.permission", "fields": {"codename": "can_comment", "name": "can comment", "content_type": 9}}, {"pk": 38, "model": "auth.permission", "fields": {"codename": "can_manage", "name": "can manage", "content_type": 9}}, {"pk": 39, "model": "auth.permission", "fields": {"codename": "can_search", "name": "can search", "content_type": 9}}, {"pk": 40, "model": "auth.permission", "fields": {"codename": "add_rank", "name": "Can add rank", "content_type": 14}}, {"pk": 41, "model": "auth.permission", "fields": {"codename": "change_rank", "name": "Can change rank", "content_type": 14}}, {"pk": 42, "model": "auth.permission", "fields": {"codename": "delete_rank", "name": "Can delete rank", "content_type": 14}}, {"pk": 5, "model": "auth.group", "fields": {"name": "NormalUser", "permissions": [37, 39]}}, {"pk": 6, "model": "auth.group", "fields": {"name": "AdvancedUser", "permissions": [37, 39]}}, {"pk": 7, "model": "auth.group", "fields": {"name": "Blacklist", "permissions": [37, 39]}}, {"pk": 8, "model": "auth.group", "fields": {"name": "Admin", "permissions": [37, 38, 39]}}, {"pk": 1, "model": "auth.user", "fields": {"username": "root", "first_name": "", "last_name": "", "is_active": true, "is_superuser": true, "is_staff": true, "last_login": "2013-12-20T12:25:56Z", "groups": [], "user_permissions": [], "password": "pbkdf2_sha256$12000$UTPz4xsFWYlS$W24pH4VmB+cMJfbsYvF8LxeoSUEAUG/hNGrAL5K5TSs=", "email": "tuke1993@gmail.com", "date_joined": "2013-11-10T13:16:46Z"}}, {"pk": 32, "model": "auth.user", "fields": {"username": "admin", "first_name": "", "last_name": "", "is_active": true, "is_superuser": false, "is_staff": false, "last_login": "2013-11-15T15:30:26Z", "groups": [5], "user_permissions": [], "password": "123456", "email": "tuke1993@gmail.com", "date_joined": "2013-11-15T15:30:26Z"}}, {"pk": 33, "model": "auth.user", "fields": {"username": "hahaha", "first_name": "", "last_name": "", "is_active": true, "is_superuser": false, "is_staff": false, "last_login": "2013-11-15T15:31:29Z", "groups": [5], "user_permissions": [], "password": "123456", "email": "taccosaw@gmail.com", "date_joined": "2013-11-15T15:31:29Z"}}, {"pk": 34, "model": "auth.user", "fields": {"username": "blacklist", "first_name": "", "last_name": "", "is_active": true, "is_superuser": false, "is_staff": false, "last_login": "2013-11-15T15:32:22Z", "groups": [7], "user_permissions": [], "password": "123451261212", "email": "12123131@qq.com", "date_joined": "2013-11-15T15:32:22Z"}}, {"pk": 35, "model": "auth.user", "fields": {"username": "schur12", "first_name": "", "last_name": "", "is_active": true, "is_superuser": false, "is_staff": false, "last_login": "2013-11-15T21:06:52Z", "groups": [5], "user_permissions": [], "password": "123456", "email": "tuke1993@gmail.com", "date_joined": "2013-11-15T21:06:52Z"}}, {"pk": 36, "model": "auth.user", "fields": {"username": "sima", "first_name": "", "last_name": "", "is_active": true, "is_superuser": false, "is_staff": false, "last_login": "2013-12-13T12:43:38Z", "groups": [5], "user_permissions": [], "password": "pbkdf2_sha256$12000$3yWYW9anuXYm$TKD/i60PAtB8LP4q6YWV5lTB79QgsSAu9TSFxYMmDNQ=", "email": "sima@sanguosha.com", "date_joined": "2013-12-13T12:43:38Z"}}, {"pk": 37, "model": "auth.user", "fields": {"username": "zhangjiao", "first_name": "", "last_name": "", "is_active": true, "is_superuser": false, "is_staff": false, "last_login": "2013-12-13T12:45:37Z", "groups": [5], "user_permissions": [], "password": "pbkdf2_sha256$12000$A96a68Yq2M4E$nJwPPN6lnKa6V9hhaW3bM0aQPngJGkRnJ1oOLJsdM80=", "email": "394375622@qq.com", "date_joined": "2013-12-13T12:45:37Z"}}, {"pk": 38, "model": "auth.user", "fields": {"username": "bookmanager", "first_name": "", "last_name": "", "is_active": true, "is_superuser": false, "is_staff": false, "last_login": "2013-12-13T19:52:46Z", "groups": [8], "user_permissions": [], "password": "pbkdf2_sha256$12000$6RFWPVSVdaG9$H3MzVRIfzsNswmaaRfGwp7/7nIYx+xTNckGcw2D29LU=", "email": "admin@admin.com", "date_joined": "2013-12-13T19:52:46Z"}}, {"pk": 39, "model": "auth.user", "fields": {"username": "usermanager", "first_name": "", "last_name": "", "is_active": true, "is_superuser": false, "is_staff": false, "last_login": "2013-12-13T19:53:35Z", "groups": [8], "user_permissions": [], "password": "pbkdf2_sha256$12000$2Qq9tsYN9CJU$FQyuJ/t/Om7nqFS/1FN5ntrpg13J5pqb9A4e64BsVVU=", "email": "admin@admin.com", "date_joined": "2013-12-13T19:53:35Z"}}, {"pk": "l3alj09liajlcmebaq9ppfga4t4duyhg", "model": "sessions.session", "fields": {"expire_date": "2013-12-28T08:50:22Z", "session_data": "YjViYWIyNzUwYzAzMGQ3MjM0YWI5MzAzMmY1NzU1YmJjZTgwYjk4NTp7Il9hdXRoX3VzZXJfYmFja2VuZCI6ImRqYW5nby5jb250cmliLmF1dGguYmFja2VuZHMuTW9kZWxCYWNrZW5kIiwiX2F1dGhfdXNlcl9pZCI6MX0="}}, {"pk": "wqisrrdsbmea1cbqfhkrg3844263us1a", "model": "sessions.session", "fields": {"expire_date": "2014-01-03T12:25:57Z", "session_data": "YjViYWIyNzUwYzAzMGQ3MjM0YWI5MzAzMmY1NzU1YmJjZTgwYjk4NTp7Il9hdXRoX3VzZXJfYmFja2VuZCI6ImRqYW5nby5jb250cmliLmF1dGguYmFja2VuZHMuTW9kZWxCYWNrZW5kIiwiX2F1dGhfdXNlcl9pZCI6MX0="}}, {"pk": 1, "model": "sites.site", "fields": {"domain": "example.com", "name": "example.com"}}, {"pk": 1, "model": "admin.logentry", "fields": {"action_flag": 1, "action_time": "2013-12-14T08:51:11Z", "object_repr": "\u53f8\u9a6c\u7206\u53d1 2013-12-14 08:51:11.165406+00:00", "object_id": "7", "change_message": "", "user": 1, "content_type": 12}}, {"pk": 2, "model": "admin.logentry", "fields": {"action_flag": 1, "action_time": "2013-12-14T08:52:42Z", "object_repr": "\u5f20\u89d2\u957f\u671f\u501f\u4e66\u672a\u8fd8\uff0c\u5df2\u88ab\u62c9\u5230\u9ed1\u540d\u5355 2013-12-14 08:52:42.897691+00:00", "object_id": "8", "change_message": "", "user": 1, "content_type": 12}}, {"pk": 3, "model": "admin.logentry", "fields": {"action_flag": 1, "action_time": "2013-12-14T08:54:22Z", "object_repr": "\u5173\u7fbd\u8d25\u8d70\u9ea6\u57ce 2013-12-14 08:54:22.431783+00:00", "object_id": "9", "change_message": "", "user": 1, "content_type": 12}}, {"pk": 4, "model": "admin.logentry", "fields": {"action_flag": 1, "action_time": "2013-12-14T08:57:49Z", "object_repr": "\u4e00\u88400\u624b\u724c\u5218\u5907\u4e3b\u5927\u6218\u6ee1\u624b\u724c\u6ee1\u8840\u9093\u827e\u5185 2013-12-14 08:57:49.145222+00:00", "object_id": "10", "change_message": "", "user": 1, "content_type": 12}}, {"pk": 5, "model": "admin.logentry", "fields": {"action_flag": 2, "action_time": "2013-12-14T09:03:01Z", "object_repr": "\u4e00\u88400\u624b\u724c\u5218\u5907\u4e3b\u5927\u6218\u6ee1\u624b\u724c\u6ee1\u8840\u9093\u827e\u5185 2013-12-14 09:03:01.538705+00:00", "object_id": "10", "change_message": "Changed content.", "user": 1, "content_type": 12}}, {"pk": 6, "model": "admin.logentry", "fields": {"action_flag": 2, "action_time": "2013-12-14T09:03:14Z", "object_repr": "\u5f20\u89d2\u957f\u671f\u501f\u4e66\u672a\u8fd8\uff0c\u5df2\u88ab\u62c9\u5230\u9ed1\u540d\u5355 2013-12-14 09:03:14.684548+00:00", "object_id": "8", "change_message": "Changed content.", "user": 1, "content_type": 12}}, {"pk": 7, "model": "admin.logentry", "fields": {"action_flag": 2, "action_time": "2013-12-14T09:03:33Z", "object_repr": "\u53f8\u9a6c\u7206\u53d1 2013-12-14 09:03:33.470760+00:00", "object_id": "7", "change_message": "Changed content.", "user": 1, "content_type": 12}}, {"pk": 8, "model": "admin.logentry", "fields": {"action_flag": 1, "action_time": "2013-12-14T09:06:40Z", "object_repr": "\u53f8\u9a6c\u61ff\u6280\u80fd\u5206\u6790 2013-12-14 09:06:40.521387+00:00", "object_id": "11", "change_message": "", "user": 1, "content_type": 12}}, {"pk": 9, "model": "admin.logentry", "fields": {"action_flag": 2, "action_time": "2013-12-14T09:06:46Z", "object_repr": "\u53f8\u9a6c\u61ff\u6280\u80fd\u5206\u6790 2013-12-14 09:06:46.879026+00:00", "object_id": "11", "change_message": "Changed species.", "user": 1, "content_type": 12}}, {"pk": 10, "model": "admin.logentry", "fields": {"action_flag": 1, "action_time": "2013-12-14T09:08:04Z", "object_repr": "\u5f20\u89d2\u6b66\u5c06\u5206\u6790 2013-12-14 09:08:04.454256+00:00", "object_id": "12", "change_message": "", "user": 1, "content_type": 12}}, {"pk": 11, "model": "admin.logentry", "fields": {"action_flag": 3, "action_time": "2013-12-14T09:08:45Z", "object_repr": "Larry 2013-11-14 14:58:59+00:00", "object_id": "5", "change_message": "", "user": 1, "content_type": 12}}, {"pk": 12, "model": "admin.logentry", "fields": {"action_flag": 1, "action_time": "2013-12-14T09:10:59Z", "object_repr": "\u5b59\u5c1a\u9999\u6b66\u5c06\u5206\u6790 2013-12-14 09:10:59.833631+00:00", "object_id": "13", "change_message": "", "user": 1, "content_type": 12}}, {"pk": 1, "model": "rt.book", "fields": {"ISBN": "978-7-301-21612-5 CNY48.00", "author": "\u6f58\u627f\u6d1e,\u6f58\u627f\u5f6a", "duartion": 14, "name_cn": "\u521d\u7b49\u6570\u8bba", "translator": "", "name_origin": "", "rate": 3.50000000000002, "pub_year": 2013, "revision_origin": 0, "press": "\u5317\u4eac\u5927\u5b66\u51fa\u7248\u793e", "pub_year_origin": 1900, "rate_num": 12, "revision": 3}}, {"pk": 2, "model": "rt.book", "fields": {"ISBN": "978-7-111-31266-6 CNY25.00", "author": "\u9a6c\u9510", "duartion": 14, "name_cn": "\u4eba\u5de5\u795e\u7ecf\u7f51\u7edc\u539f\u7406", "translator": "", "name_origin": "", "rate": 2.72727272727273, "pub_year": 2010, "revision_origin": 0, "press": "\u673a\u68b0\u5de5\u4e1a\u51fa\u7248\u793e", "pub_year_origin": 1900, "rate_num": 11, "revision": 0}}, {"pk": 3, "model": "rt.book", "fields": {"ISBN": "978-7-5433-2347-6 CNY16.00", "author": "J.K.Rowling", "duartion": 7, "name_cn": "\u54c8\u5229\u00b7\u6ce2\u7279\u4e0e\u6b7b\u4ea1\u5723\u5668", "translator": "\u9648\u8d5e,\u5218\u54f2", "name_origin": "Harry Potter and the deathly hallows", "rate": 3.14285714285714, "pub_year": 2009, "revision_origin": 0, "press": "\u5929\u6d25\u79d1\u6280\u7ffb\u8bd1\u51fa\u7248\u516c\u53f8", "pub_year_origin": 1900, "rate_num": 14, "revision": 0}}, {"pk": 4, "model": "rt.book", "fields": {"ISBN": "978-7-111-40037-0 CNY33.80", "author": "\u738b\u6210", "duartion": 14, "name_cn": "\u6570\u636e\u5e93\u7cfb\u7edf\u5e94\u7528\u6559\u7a0b", "translator": "", "name_origin": "", "rate": 3.09090909090909, "pub_year": 2013, "revision_origin": 0, "press": "\u673a\u68b0\u5de5\u4e1a\u51fa\u7248\u793e", "pub_year_origin": 1900, "rate_num": 11, "revision": 0}}, {"pk": 5, "model": "rt.book", "fields": {"ISBN": "978-7-03-036964-2 CNY39.00", "author": "\u767d\u4e2d\u82f1,\u6234\u5fd7\u6d9b", "duartion": 7, "name_cn": "\u8ba1\u7b97\u673a\u7ec4\u6210\u539f\u7406", "translator": "", "name_origin": "", "rate": 2.41666666666666, "pub_year": 2013, "revision_origin": 0, "press": "\u79d1\u5b66\u51fa\u7248\u793e", "pub_year_origin": 1900, "rate_num": 12, "revision": 5}}, {"pk": 6, "model": "rt.book", "fields": {"ISBN": "9781597496452", "author": "Eric Knapp", "duartion": 14, "name_cn": "", "translator": "", "name_origin": "Industrial network security : securing critical infrastructure networks for Smart Grid, SCADA , and other industrial control systems", "rate": 3.21428571428572, "pub_year": 2011, "revision_origin": 0, "press": "Waltham, MA : Syngress", "pub_year_origin": 1900, "rate_num": 14, "revision": 0}}, {"pk": 1, "model": "rt.bookcopy", "fields": {"book": 1, "location": "\u6587\u56fe2\u697c"}}, {"pk": 2, "model": "rt.bookcopy", "fields": {"book": 1, "location": "\u9038\u592b\u99861\u697cC\u533a"}}, {"pk": 3, "model": "rt.bookcopy", "fields": {"book": 2, "location": "\u9038\u592b\u99861\u697cC\u533a"}}, {"pk": 4, "model": "rt.bookcopy", "fields": {"book": 3, "location": "\u9038\u592b\u99861\u697cC\u533a"}}, {"pk": 5, "model": "rt.bookcopy", "fields": {"book": 4, "location": "\u9038\u592b\u99861\u697cC\u533a"}}, {"pk": 6, "model": "rt.bookcopy", "fields": {"book": 5, "location": "\u9038\u592b\u99861\u697cC\u533a"}}, {"pk": 7, "model": "rt.bookcopy", "fields": {"book": 3, "location": "\u533b\u5b66\u9986J-304"}}, {"pk": 8, "model": "rt.bookcopy", "fields": {"book": 1, "location": "\u6587\u56fe"}}, {"pk": 9, "model": "rt.bookcopy", "fields": {"book": 2, "location": "\u9038\u592b\u9986C\u533a"}}, {"pk": 10, "model": "rt.bookcopy", "fields": {"book": 1, "location": "\u9038\u592b\u9986C\u533a"}}, {"pk": 11, "model": "rt.bookcopy", "fields": {"book": 1, "location": "\u9038\u592b\u9986C\u533a"}}, {"pk": 11, "model": "rt.myuser", "fields": {"admin_type": 0, "user": 32, "pending": 0, "name": "\u8001\u5927"}}, {"pk": 12, "model": "rt.myuser", "fields": {"admin_type": 0, "user": 33, "pending": 0, "name": "\u6b66\u795e"}}, {"pk": 13, "model": "rt.myuser", "fields": {"admin_type": 0, "user": 34, "pending": 0, "name": ">_<"}}, {"pk": 14, "model": "rt.myuser", "fields": {"admin_type": 0, "user": 35, "pending": 0, "name": "haha"}}, {"pk": 15, "model": "rt.myuser", "fields": {"admin_type": 0, "user": 36, "pending": 0, "name": "\u53f8\u9a6c\u61ff"}}, {"pk": 16, "model": "rt.myuser", "fields": {"admin_type": 0, "user": 37, "pending": 0, "name": "\u5f20\u89d2"}}, {"pk": 17, "model": "rt.myuser", "fields": {"admin_type": 1, "user": 38, "pending": 0, "name": "bookmanager"}}, {"pk": 18, "model": "rt.myuser", "fields": {"admin_type": 2, "user": 39, "pending": 0, "name": "usermanager"}}, {"pk": 6, "model": "rt.borrowing", "fields": {"status": 0, "book_copy": 1, "myuser": 11, "is_active": false, "datetime": "2013-11-16T06:07:32Z"}}, {"pk": 7, "model": "rt.borrowing", "fields": {"status": 0, "book_copy": 3, "myuser": 11, "is_active": false, "datetime": "2013-11-16T06:08:28Z"}}, {"pk": 8, "model": "rt.borrowing", "fields": {"status": 1, "book_copy": 1, "myuser": 11, "is_active": false, "datetime": "2013-11-16T06:17:11Z"}}, {"pk": 9, "model": "rt.borrowing", "fields": {"status": 3, "book_copy": 3, "myuser": 11, "is_active": false, "datetime": "2013-11-16T06:26:10Z"}}, {"pk": 10, "model": "rt.borrowing", "fields": {"status": 4, "book_copy": 1, "myuser": 12, "is_active": false, "datetime": "2013-11-16T06:23:42Z"}}, {"pk": 11, "model": "rt.borrowing", "fields": {"status": 4, "book_copy": 1, "myuser": 13, "is_active": true, "datetime": "2013-11-16T06:16:18Z"}}, {"pk": 12, "model": "rt.borrowing", "fields": {"status": 3, "book_copy": 1, "myuser": 11, "is_active": false, "datetime": "2013-11-16T06:21:58Z"}}, {"pk": 13, "model": "rt.borrowing", "fields": {"status": 0, "book_copy": 1, "myuser": 12, "is_active": true, "datetime": "2013-11-16T06:21:58Z"}}, {"pk": 14, "model": "rt.borrowing", "fields": {"status": 0, "book_copy": 2, "myuser": 11, "is_active": true, "datetime": "2013-11-16T06:29:16Z"}}, {"pk": 15, "model": "rt.borrowing", "fields": {"status": 0, "book_copy": 3, "myuser": 11, "is_active": false, "datetime": "2013-11-16T06:29:32Z"}}, {"pk": 16, "model": "rt.borrowing", "fields": {"status": 1, "book_copy": 3, "myuser": 11, "is_active": false, "datetime": "2013-11-16T06:29:33Z"}}, {"pk": 17, "model": "rt.borrowing", "fields": {"status": 2, "book_copy": 3, "myuser": 11, "is_active": false, "datetime": "2013-11-16T06:31:04Z"}}, {"pk": 18, "model": "rt.borrowing", "fields": {"status": 4, "book_copy": 2, "myuser": 12, "is_active": true, "datetime": "2013-11-16T06:30:14Z"}}, {"pk": 19, "model": "rt.borrowing", "fields": {"status": 3, "book_copy": 3, "myuser": 11, "is_active": true, "datetime": "2013-11-16T06:31:04Z"}}, {"pk": 20, "model": "rt.borrowing", "fields": {"status": 0, "book_copy": 5, "myuser": 13, "is_active": false, "datetime": "2013-11-16T06:57:46Z"}}, {"pk": 21, "model": "rt.borrowing", "fields": {"status": 4, "book_copy": 5, "myuser": 12, "is_active": false, "datetime": "2013-11-16T06:57:46Z"}}, {"pk": 22, "model": "rt.borrowing", "fields": {"status": 5, "book_copy": 5, "myuser": 13, "is_active": true, "datetime": "2013-11-16T06:57:46Z"}}, {"pk": 23, "model": "rt.borrowing", "fields": {"status": 0, "book_copy": 6, "myuser": 14, "is_active": true, "datetime": "2013-11-16T07:29:16Z"}}, {"pk": 24, "model": "rt.borrowing", "fields": {"status": 0, "book_copy": 4, "myuser": 16, "is_active": true, "datetime": "2013-12-20T12:33:25Z"}}, {"pk": 4, "model": "rt.info", "fields": {"content": "hahahaha, the info exixts", "date": "2013-11-14T14:53:00Z", "species": 0, "title": "Mark"}}, {"pk": 6, "model": "rt.info", "fields": {"content": "~~~~~~~~~~~~~~~", "date": "2013-11-15T12:36:02Z", "species": 1, "title": "guide!"}}, {"pk": 7, "model": "rt.info", "fields": {"content": "\u53cd\u9988\uff01\uff5e\uff5e\uff5e\uff5e\r\n\u5929\u547d\uff0c\u54c8\u54c8\u54c8\u54c8\uff5e\uff5e\uff5e", "date": "2013-12-14T09:03:33Z", "species": 0, "title": "\u53f8\u9a6c\u7206\u53d1"}}, {"pk": 8, "model": "rt.info", "fields": {"content": "\u8bf7\u6559\u4e3b\u53ca\u65f6\u8fd8\u4e66\u3002", "date": "2013-12-14T09:03:14Z", "species": 0, "title": "\u5f20\u89d2\u957f\u671f\u501f\u4e66\u672a\u8fd8\uff0c\u5df2\u88ab\u62c9\u5230\u9ed1\u540d\u5355"}}, {"pk": 9, "model": "rt.info", "fields": {"content": "\u4ec0\u4e48\uff01\u6b64\u5730\u53eb\u9ea6\u57ce\uff5e", "date": "2013-12-14T08:54:22Z", "species": 0, "title": "\u5173\u7fbd\u8d25\u8d70\u9ea6\u57ce"}}, {"pk": 10, "model": "rt.info", "fields": {"content": "\u9093\u827e\u51fa\u6740\uff0c\u5218\u5907\u6389\u8840\uff0c\u6e38\u620f\u7ed3\u675f\u3002\r\n\u9093\u827e\u5185\u5978\u80dc\u5229", "date": "2013-12-14T09:03:01Z", "species": 0, "title": "\u4e00\u88400\u624b\u724c\u5218\u5907\u4e3b\u5927\u6218\u6ee1\u624b\u724c\u6ee1\u8840\u9093\u827e\u5185"}}, {"pk": 11, "model": "rt.info", "fields": {"content": "\u53cd\u9988\u2014\u2014\u6bcf\u5f53\u4f60\u53d7\u5230\u4f24\u5bb3\u540e\uff0c\u4f60\u53ef\u4ee5\u83b7\u5f97\u6765\u6e90\u7684\u4e00\u5f20\u724c\u3002\r\n\u9b3c\u624d\u2014\u2014\u6bcf\u5f53\u4e00\u540d\u89d2\u8272\u7684\u5224\u5b9a\u724c\u751f\u6548\u524d\uff0c\u4f60\u53ef\u4ee5\u6253\u51fa\u4e00\u5f20\u624b\u724c\u4ee3\u66ff\u4e4b\u3002", "date": "2013-12-14T09:06:46Z", "species": 1, "title": "\u53f8\u9a6c\u61ff\u6280\u80fd\u5206\u6790"}}, {"pk": 12, "model": "rt.info", "fields": {"content": "\u6b66\u5c06\u6280\uff1a\r\n\u96f7\u51fb\u2014\u2014\u6bcf\u5f53\u4f60\u4f7f\u7528\u6216\u6253\u51fa\u3010\u95ea\u3011\u65f6\uff0c\u4f60\u53ef\u4ee5\u4ee4\u4e00\u540d\u89d2\u8272\u8fdb\u884c\u5224\u5b9a\uff0c\u82e5\u7ed3\u679c\u4e3a\u9ed1\u6843\uff0c\u4f60\u5bf9\u5176\u9020\u62102\u70b9\u96f7\u7535\u4f24\u5bb3\u3002\r\n\u9b3c\u9053\u2014\u2014\u6bcf\u5f53\u4e00\u540d\u89d2\u8272\u7684\u5224\u5b9a\u724c\u751f\u6548\u524d\uff0c\u4f60\u53ef\u4ee5\u6253\u51fa\u4e00\u5f20\u9ed1\u8272\u724c\u66ff\u6362\u4e4b\u3002\r\n\u9ec4\u5929\u2014\u2014\u4e3b\u516c\u6280\uff0c\u5176\u4ed6\u7fa4\u52bf\u529b\u89d2\u8272\u7684\u51fa\u724c\u9636\u6bb5\u9650\u4e00\u6b21\uff0c\u5176\u53ef\u4ee5\u5c06\u4e00\u5f20\u3010\u95ea\u3011\u6216\u3010\u95ea\u7535\u3011\u4ea4\u7ed9\u4f60\u3002", "date": "2013-12-14T09:08:04Z", "species": 1, "title": "\u5f20\u89d2\u6b66\u5c06\u5206\u6790"}}, {"pk": 13, "model": "rt.info", "fields": {"content": "\u6b66\u5c06\u7f16\u53f7\uff1aWU 008\r\n\u6b66\u5c06\u79f0\u53f7\uff1a\u5f13\u8170\u59ec\r\nOnline\u6218\u529f\uff1a\u56e0\u7978\u5f97\u798f\r\n\r\n\u6b66\u5c06\u6280\uff1a\r\n\u7ed3\u59fb\u2014\u2014\u51fa\u724c\u9636\u6bb5\u9650\u4e00\u6b21\uff0c\u4f60\u53ef\u4ee5\u5f03\u7f6e\u4e24\u5f20\u624b\u724c\u5e76\u9009\u62e9\u4e00\u540d\u5df2\u53d7\u4f24\u7684\u7537\u6027\u89d2\u8272\uff0c\u4ee4\u4f60\u4e0e\u5176\u5404\u56de\u590d1\u70b9\u4f53\u529b\u3002\r\n\u67ad\u59ec\u2014\u2014\u6bcf\u5f53\u4f60\u5931\u53bb\u88c5\u5907\u533a\u91cc\u7684\u4e00\u5f20\u724c\u65f6\uff0c\u4f60\u53ef\u4ee5\u6478\u4e24\u5f20\u724c\u3002", "date": "2013-12-14T09:10:59Z", "species": 1, "title": "\u5b59\u5c1a\u9999\u6b66\u5c06\u5206\u6790"}}, {"pk": 1, "model": "rt.comment", "fields": {"spoiler": false, "title": "\u543e\u4e43\u5929\u547d\u4e4b\u5b50", "myuser": 15, "datetime": "2013-12-13T14:59:04Z", "content": "\u5929\u547d\uff0c\u54c8\u54c8\u54c8\u54c8~~~", "rate": 5, "book": 1}}, {"pk": 2, "model": "rt.comment", "fields": {"spoiler": false, "title": "\u96f7\u516c\u52a9\u6211", "myuser": 16, "datetime": "2013-12-13T14:59:21Z", "content": "\u4e0e\u6211\u4e4b\u771f\u6c14\uff0c\u548c\u5929\u5730\u4e4b\u9020\u5316", "rate": 3, "book": 1}}, {"pk": 180, "model": "rt.comment", "fields": {"spoiler": false, "title": "test~~~", "myuser": 11, "datetime": "2013-12-13T19:15:26Z", "content": "\u521d\u7b49\u6570\u8bba \u8001\u5927 0.302732012939", "rate": 3, "book": 1}}, {"pk": 181, "model": "rt.comment", "fields": {"spoiler": false, "title": "test~~~", "myuser": 11, "datetime": "2013-12-13T19:15:27Z", "content": "\u4eba\u5de5\u795e\u7ecf\u7f51\u7edc\u539f\u7406 \u8001\u5927 0.0221823302019", "rate": 2, "book": 2}}, {"pk": 182, "model": "rt.comment", "fields": {"spoiler": false, "title": "test~~~", "myuser": 11, "datetime": "2013-12-13T19:15:27Z", "content": "\u54c8\u5229\u00b7\u6ce2\u7279\u4e0e\u6b7b\u4ea1\u5723\u5668 \u8001\u5927 0.182824992587", "rate": 4, "book": 3}}, {"pk": 183, "model": "rt.comment", "fields": {"spoiler": false, "title": "test~~~", "myuser": 11, "datetime": "2013-12-13T19:15:27Z", "content": "\u54c8\u5229\u00b7\u6ce2\u7279\u4e0e\u6b7b\u4ea1\u5723\u5668 \u8001\u5927 0.222507572341", "rate": 3, "book": 3}}, {"pk": 184, "model": "rt.comment", "fields": {"spoiler": false, "title": "test~~~", "myuser": 11, "datetime": "2013-12-13T19:15:27Z", "content": "\u6570\u636e\u5e93\u7cfb\u7edf\u5e94\u7528\u6559\u7a0b \u8001\u5927 0.910235208426", "rate": 3, "book": 4}}, {"pk": 185, "model": "rt.comment", "fields": {"spoiler": false, "title": "test~~~", "myuser": 11, "datetime": "2013-12-13T19:15:27Z", "content": "\u6570\u636e\u5e93\u7cfb\u7edf\u5e94\u7528\u6559\u7a0b \u8001\u5927 0.172122918202", "rate": 5, "book": 4}}, {"pk": 186, "model": "rt.comment", "fields": {"spoiler": false, "title": "test~~~", "myuser": 11, "datetime": "2013-12-13T19:15:27Z", "content": "\u6570\u636e\u5e93\u7cfb\u7edf\u5e94\u7528\u6559\u7a0b \u8001\u5927 0.807975587884", "rate": 2, "book": 4}}, {"pk": 187, "model": "rt.comment", "fields": {"spoiler": false, "title": "test~~~", "myuser": 11, "datetime": "2013-12-13T19:15:27Z", "content": "\u8ba1\u7b97\u673a\u7ec4\u6210\u539f\u7406 \u8001\u5927 0.925900958653", "rate": 1, "book": 5}}, {"pk": 188, "model": "rt.comment", "fields": {"spoiler": false, "title": "test~~~", "myuser": 11, "datetime": "2013-12-13T19:15:27Z", "content": "Industrial network security : securing critical infrastructure networks for Smart Grid, SCADA , and other industrial control systems \u8001\u5927 0.293327729404", "rate": 2, "book": 6}}, {"pk": 189, "model": "rt.comment", "fields": {"spoiler": false, "title": "test~~~", "myuser": 11, "datetime": "2013-12-13T19:15:27Z", "content": "Industrial network security : securing critical infrastructure networks for Smart Grid, SCADA , and other industrial control systems \u8001\u5927 0.043881290055", "rate": 3, "book": 6}}, {"pk": 190, "model": "rt.comment", "fields": {"spoiler": false, "title": "test~~~", "myuser": 12, "datetime": "2013-12-13T19:15:27Z", "content": "\u521d\u7b49\u6570\u8bba \u6b66\u795e 0.755887006136", "rate": 4, "book": 1}}, {"pk": 191, "model": "rt.comment", "fields": {"spoiler": false, "title": "test~~~", "myuser": 12, "datetime": "2013-12-13T19:15:27Z", "content": "\u521d\u7b49\u6570\u8bba \u6b66\u795e 0.209581963811", "rate": 5, "book": 1}}, {"pk": 192, "model": "rt.comment", "fields": {"spoiler": false, "title": "test~~~", "myuser": 12, "datetime": "2013-12-13T19:15:28Z", "content": "\u4eba\u5de5\u795e\u7ecf\u7f51\u7edc\u539f\u7406 \u6b66\u795e 0.91161164683", "rate": 4, "book": 2}}, {"pk": 193, "model": "rt.comment", "fields": {"spoiler": false, "title": "test~~~", "myuser": 12, "datetime": "2013-12-13T19:15:28Z", "content": "\u4eba\u5de5\u795e\u7ecf\u7f51\u7edc\u539f\u7406 \u6b66\u795e 0.508254083163", "rate": 4, "book": 2}}, {"pk": 194, "model": "rt.comment", "fields": {"spoiler": false, "title": "test~~~", "myuser": 12, "datetime": "2013-12-13T19:15:28Z", "content": "\u54c8\u5229\u00b7\u6ce2\u7279\u4e0e\u6b7b\u4ea1\u5723\u5668 \u6b66\u795e 0.396815463148", "rate": 1, "book": 3}}, {"pk": 195, "model": "rt.comment", "fields": {"spoiler": false, "title": "test~~~", "myuser": 12, "datetime": "2013-12-13T19:15:28Z", "content": "\u54c8\u5229\u00b7\u6ce2\u7279\u4e0e\u6b7b\u4ea1\u5723\u5668 \u6b66\u795e 0.485169596199", "rate": 3, "book": 3}}, {"pk": 196, "model": "rt.comment", "fields": {"spoiler": false, "title": "test~~~", "myuser": 12, "datetime": "2013-12-13T19:15:28Z", "content": "\u54c8\u5229\u00b7\u6ce2\u7279\u4e0e\u6b7b\u4ea1\u5723\u5668 \u6b66\u795e 0.995538579234", "rate": 2, "book": 3}}, {"pk": 197, "model": "rt.comment", "fields": {"spoiler": false, "title": "test~~~", "myuser": 12, "datetime": "2013-12-13T19:15:28Z", "content": "\u6570\u636e\u5e93\u7cfb\u7edf\u5e94\u7528\u6559\u7a0b \u6b66\u795e 0.258117192369", "rate": 5, "book": 4}}, {"pk": 198, "model": "rt.comment", "fields": {"spoiler": false, "title": "test~~~", "myuser": 12, "datetime": "2013-12-13T19:15:28Z", "content": "\u8ba1\u7b97\u673a\u7ec4\u6210\u539f\u7406 \u6b66\u795e 0.298127474171", "rate": 1, "book": 5}}, {"pk": 199, "model": "rt.comment", "fields": {"spoiler": false, "title": "test~~~", "myuser": 12, "datetime": "2013-12-13T19:15:28Z", "content": "\u8ba1\u7b97\u673a\u7ec4\u6210\u539f\u7406 \u6b66\u795e 0.365174194498", "rate": 3, "book": 5}}, {"pk": 200, "model": "rt.comment", "fields": {"spoiler": false, "title": "test~~~", "myuser": 12, "datetime": "2013-12-13T19:15:28Z", "content": "Industrial network security : securing critical infrastructure networks for Smart Grid, SCADA , and other industrial control systems \u6b66\u795e 0.563174628143", "rate": 5, "book": 6}}, {"pk": 201, "model": "rt.comment", "fields": {"spoiler": false, "title": "test~~~", "myuser": 12, "datetime": "2013-12-13T19:15:28Z", "content": "Industrial network security : securing critical infrastructure networks for Smart Grid, SCADA , and other industrial control systems \u6b66\u795e 0.984226509215", "rate": 5, "book": 6}}, {"pk": 202, "model": "rt.comment", "fields": {"spoiler": false, "title": "test~~~", "myuser": 13, "datetime": "2013-12-13T19:15:28Z", "content": "\u521d\u7b49\u6570\u8bba >_< 0.0944324377106", "rate": 4, "book": 1}}, {"pk": 203, "model": "rt.comment", "fields": {"spoiler": false, "title": "test~~~", "myuser": 13, "datetime": "2013-12-13T19:15:29Z", "content": "\u521d\u7b49\u6570\u8bba >_< 0.451275110462", "rate": 3, "book": 1}}, {"pk": 204, "model": "rt.comment", "fields": {"spoiler": false, "title": "test~~~", "myuser": 13, "datetime": "2013-12-13T19:15:29Z", "content": "\u4eba\u5de5\u795e\u7ecf\u7f51\u7edc\u539f\u7406 >_< 0.351545266108", "rate": 3, "book": 2}}, {"pk": 205, "model": "rt.comment", "fields": {"spoiler": false, "title": "test~~~", "myuser": 13, "datetime": "2013-12-13T19:15:29Z", "content": "\u4eba\u5de5\u795e\u7ecf\u7f51\u7edc\u539f\u7406 >_< 0.700897276759", "rate": 1, "book": 2}}, {"pk": 206, "model": "rt.comment", "fields": {"spoiler": false, "title": "test~~~", "myuser": 13, "datetime": "2013-12-13T19:15:29Z", "content": "\u54c8\u5229\u00b7\u6ce2\u7279\u4e0e\u6b7b\u4ea1\u5723\u5668 >_< 0.48500929653", "rate": 3, "book": 3}}, {"pk": 207, "model": "rt.comment", "fields": {"spoiler": false, "title": "test~~~", "myuser": 13, "datetime": "2013-12-13T19:15:29Z", "content": "\u54c8\u5229\u00b7\u6ce2\u7279\u4e0e\u6b7b\u4ea1\u5723\u5668 >_< 0.704024545166", "rate": 2, "book": 3}}, {"pk": 208, "model": "rt.comment", "fields": {"spoiler": false, "title": "test~~~", "myuser": 13, "datetime": "2013-12-13T19:15:29Z", "content": "\u6570\u636e\u5e93\u7cfb\u7edf\u5e94\u7528\u6559\u7a0b >_< 0.280559380491", "rate": 4, "book": 4}}, {"pk": 209, "model": "rt.comment", "fields": {"spoiler": false, "title": "test~~~", "myuser": 13, "datetime": "2013-12-13T19:15:29Z", "content": "\u8ba1\u7b97\u673a\u7ec4\u6210\u539f\u7406 >_< 0.397771893636", "rate": 2, "book": 5}}, {"pk": 210, "model": "rt.comment", "fields": {"spoiler": false, "title": "test~~~", "myuser": 13, "datetime": "2013-12-13T19:15:29Z", "content": "\u8ba1\u7b97\u673a\u7ec4\u6210\u539f\u7406 >_< 0.789424930369", "rate": 2, "book": 5}}, {"pk": 211, "model": "rt.comment", "fields": {"spoiler": false, "title": "test~~~", "myuser": 13, "datetime": "2013-12-13T19:15:29Z", "content": "Industrial network security : securing critical infrastructure networks for Smart Grid, SCADA , and other industrial control systems >_< 0.623532400115", "rate": 4, "book": 6}}, {"pk": 212, "model": "rt.comment", "fields": {"spoiler": false, "title": "test~~~", "myuser": 13, "datetime": "2013-12-13T19:15:29Z", "content": "Industrial network security : securing critical infrastructure networks for Smart Grid, SCADA , and other industrial control systems >_< 0.361746911113", "rate": 1, "book": 6}}, {"pk": 213, "model": "rt.comment", "fields": {"spoiler": false, "title": "test~~~", "myuser": 13, "datetime": "2013-12-13T19:15:29Z", "content": "Industrial network security : securing critical infrastructure networks for Smart Grid, SCADA , and other industrial control systems >_< 0.0708963069716", "rate": 1, "book": 6}}, {"pk": 214, "model": "rt.comment", "fields": {"spoiler": false, "title": "test~~~", "myuser": 14, "datetime": "2013-12-13T19:15:29Z", "content": "\u521d\u7b49\u6570\u8bba haha 0.336656226843", "rate": 5, "book": 1}}, {"pk": 215, "model": "rt.comment", "fields": {"spoiler": false, "title": "test~~~", "myuser": 14, "datetime": "2013-12-13T19:15:30Z", "content": "\u521d\u7b49\u6570\u8bba haha 0.880676556406", "rate": 2, "book": 1}}, {"pk": 216, "model": "rt.comment", "fields": {"spoiler": false, "title": "test~~~", "myuser": 14, "datetime": "2013-12-13T19:15:30Z", "content": "\u4eba\u5de5\u795e\u7ecf\u7f51\u7edc\u539f\u7406 haha 0.898934456185", "rate": 3, "book": 2}}, {"pk": 217, "model": "rt.comment", "fields": {"spoiler": false, "title": "test~~~", "myuser": 14, "datetime": "2013-12-13T19:15:30Z", "content": "\u4eba\u5de5\u795e\u7ecf\u7f51\u7edc\u539f\u7406 haha 0.776234180707", "rate": 3, "book": 2}}, {"pk": 218, "model": "rt.comment", "fields": {"spoiler": false, "title": "test~~~", "myuser": 14, "datetime": "2013-12-13T19:15:30Z", "content": "\u4eba\u5de5\u795e\u7ecf\u7f51\u7edc\u539f\u7406 haha 0.48432000782", "rate": 2, "book": 2}}, {"pk": 219, "model": "rt.comment", "fields": {"spoiler": false, "title": "test~~~", "myuser": 14, "datetime": "2013-12-13T19:15:30Z", "content": "\u54c8\u5229\u00b7\u6ce2\u7279\u4e0e\u6b7b\u4ea1\u5723\u5668 haha 0.413139201246", "rate": 4, "book": 3}}, {"pk": 220, "model": "rt.comment", "fields": {"spoiler": false, "title": "test~~~", "myuser": 14, "datetime": "2013-12-13T19:15:30Z", "content": "\u6570\u636e\u5e93\u7cfb\u7edf\u5e94\u7528\u6559\u7a0b haha 0.168734897309", "rate": 4, "book": 4}}, {"pk": 221, "model": "rt.comment", "fields": {"spoiler": false, "title": "test~~~", "myuser": 14, "datetime": "2013-12-13T19:15:30Z", "content": "\u6570\u636e\u5e93\u7cfb\u7edf\u5e94\u7528\u6559\u7a0b haha 0.0504427043328", "rate": 2, "book": 4}}, {"pk": 222, "model": "rt.comment", "fields": {"spoiler": false, "title": "test~~~", "myuser": 14, "datetime": "2013-12-13T19:15:30Z", "content": "\u8ba1\u7b97\u673a\u7ec4\u6210\u539f\u7406 haha 0.535774219529", "rate": 4, "book": 5}}, {"pk": 223, "model": "rt.comment", "fields": {"spoiler": false, "title": "test~~~", "myuser": 14, "datetime": "2013-12-13T19:15:30Z", "content": "\u8ba1\u7b97\u673a\u7ec4\u6210\u539f\u7406 haha 0.882014741177", "rate": 1, "book": 5}}, {"pk": 224, "model": "rt.comment", "fields": {"spoiler": false, "title": "test~~~", "myuser": 14, "datetime": "2013-12-13T19:15:30Z", "content": "\u8ba1\u7b97\u673a\u7ec4\u6210\u539f\u7406 haha 0.93884212205", "rate": 4, "book": 5}}, {"pk": 225, "model": "rt.comment", "fields": {"spoiler": false, "title": "test~~~", "myuser": 14, "datetime": "2013-12-13T19:15:30Z", "content": "Industrial network security : securing critical infrastructure networks for Smart Grid, SCADA , and other industrial control systems haha 0.52112392478", "rate": 5, "book": 6}}, {"pk": 226, "model": "rt.comment", "fields": {"spoiler": false, "title": "test~~~", "myuser": 14, "datetime": "2013-12-13T19:15:30Z", "content": "Industrial network security : securing critical infrastructure networks for Smart Grid, SCADA , and other industrial control systems haha 0.331753946609", "rate": 2, "book": 6}}, {"pk": 227, "model": "rt.comment", "fields": {"spoiler": false, "title": "test~~~", "myuser": 15, "datetime": "2013-12-13T19:15:30Z", "content": "\u521d\u7b49\u6570\u8bba \u53f8\u9a6c\u61ff 0.619073379855", "rate": 4, "book": 1}}, {"pk": 228, "model": "rt.comment", "fields": {"spoiler": false, "title": "test~~~", "myuser": 15, "datetime": "2013-12-13T19:15:31Z", "content": "\u521d\u7b49\u6570\u8bba \u53f8\u9a6c\u61ff 0.680404550767", "rate": 3, "book": 1}}, {"pk": 229, "model": "rt.comment", "fields": {"spoiler": false, "title": "test~~~", "myuser": 15, "datetime": "2013-12-13T19:15:31Z", "content": "\u4eba\u5de5\u795e\u7ecf\u7f51\u7edc\u539f\u7406 \u53f8\u9a6c\u61ff 0.791828954903", "rate": 1, "book": 2}}, {"pk": 230, "model": "rt.comment", "fields": {"spoiler": false, "title": "test~~~", "myuser": 15, "datetime": "2013-12-13T19:15:31Z", "content": "\u54c8\u5229\u00b7\u6ce2\u7279\u4e0e\u6b7b\u4ea1\u5723\u5668 \u53f8\u9a6c\u61ff 0.120030839254", "rate": 3, "book": 3}}, {"pk": 231, "model": "rt.comment", "fields": {"spoiler": false, "title": "test~~~", "myuser": 15, "datetime": "2013-12-13T19:15:31Z", "content": "\u54c8\u5229\u00b7\u6ce2\u7279\u4e0e\u6b7b\u4ea1\u5723\u5668 \u53f8\u9a6c\u61ff 0.216576634447", "rate": 5, "book": 3}}, {"pk": 232, "model": "rt.comment", "fields": {"spoiler": false, "title": "test~~~", "myuser": 15, "datetime": "2013-12-13T19:15:31Z", "content": "\u54c8\u5229\u00b7\u6ce2\u7279\u4e0e\u6b7b\u4ea1\u5723\u5668 \u53f8\u9a6c\u61ff 0.978919388984", "rate": 2, "book": 3}}, {"pk": 233, "model": "rt.comment", "fields": {"spoiler": false, "title": "test~~~", "myuser": 15, "datetime": "2013-12-13T19:15:31Z", "content": "\u6570\u636e\u5e93\u7cfb\u7edf\u5e94\u7528\u6559\u7a0b \u53f8\u9a6c\u61ff 0.974942446084", "rate": 2, "book": 4}}, {"pk": 234, "model": "rt.comment", "fields": {"spoiler": false, "title": "test~~~", "myuser": 15, "datetime": "2013-12-13T19:15:31Z", "content": "\u6570\u636e\u5e93\u7cfb\u7edf\u5e94\u7528\u6559\u7a0b \u53f8\u9a6c\u61ff 0.639013812729", "rate": 1, "book": 4}}, {"pk": 235, "model": "rt.comment", "fields": {"spoiler": false, "title": "test~~~", "myuser": 15, "datetime": "2013-12-13T19:15:31Z", "content": "\u8ba1\u7b97\u673a\u7ec4\u6210\u539f\u7406 \u53f8\u9a6c\u61ff 0.836320163558", "rate": 1, "book": 5}}, {"pk": 236, "model": "rt.comment", "fields": {"spoiler": false, "title": "test~~~", "myuser": 15, "datetime": "2013-12-13T19:15:31Z", "content": "\u8ba1\u7b97\u673a\u7ec4\u6210\u539f\u7406 \u53f8\u9a6c\u61ff 0.788338639299", "rate": 3, "book": 5}}, {"pk": 237, "model": "rt.comment", "fields": {"spoiler": false, "title": "test~~~", "myuser": 15, "datetime": "2013-12-13T19:15:31Z", "content": "\u8ba1\u7b97\u673a\u7ec4\u6210\u539f\u7406 \u53f8\u9a6c\u61ff 0.212466267265", "rate": 2, "book": 5}}, {"pk": 238, "model": "rt.comment", "fields": {"spoiler": false, "title": "test~~~", "myuser": 15, "datetime": "2013-12-13T19:15:31Z", "content": "Industrial network security : securing critical infrastructure networks for Smart Grid, SCADA , and other industrial control systems \u53f8\u9a6c\u61ff 0.100895305445", "rate": 1, "book": 6}}, {"pk": 239, "model": "rt.comment", "fields": {"spoiler": false, "title": "test~~~", "myuser": 15, "datetime": "2013-12-13T19:15:31Z", "content": "Industrial network security : securing critical infrastructure networks for Smart Grid, SCADA , and other industrial control systems \u53f8\u9a6c\u61ff 0.455175585001", "rate": 3, "book": 6}}, {"pk": 240, "model": "rt.comment", "fields": {"spoiler": false, "title": "test~~~", "myuser": 16, "datetime": "2013-12-13T19:15:32Z", "content": "\u521d\u7b49\u6570\u8bba \u5f20\u89d2 0.703207311683", "rate": 1, "book": 1}}, {"pk": 241, "model": "rt.comment", "fields": {"spoiler": false, "title": "test~~~", "myuser": 16, "datetime": "2013-12-13T19:15:32Z", "content": "\u4eba\u5de5\u795e\u7ecf\u7f51\u7edc\u539f\u7406 \u5f20\u89d2 0.202099106587", "rate": 4, "book": 2}}, {"pk": 242, "model": "rt.comment", "fields": {"spoiler": false, "title": "test~~~", "myuser": 16, "datetime": "2013-12-13T19:15:32Z", "content": "\u4eba\u5de5\u795e\u7ecf\u7f51\u7edc\u539f\u7406 \u5f20\u89d2 0.727611430906", "rate": 3, "book": 2}}, {"pk": 243, "model": "rt.comment", "fields": {"spoiler": false, "title": "test~~~", "myuser": 16, "datetime": "2013-12-13T19:15:32Z", "content": "\u54c8\u5229\u00b7\u6ce2\u7279\u4e0e\u6b7b\u4ea1\u5723\u5668 \u5f20\u89d2 0.0112509109954", "rate": 5, "book": 3}}, {"pk": 244, "model": "rt.comment", "fields": {"spoiler": false, "title": "test~~~", "myuser": 16, "datetime": "2013-12-13T19:15:32Z", "content": "\u54c8\u5229\u00b7\u6ce2\u7279\u4e0e\u6b7b\u4ea1\u5723\u5668 \u5f20\u89d2 0.773096936215", "rate": 5, "book": 3}}, {"pk": 245, "model": "rt.comment", "fields": {"spoiler": false, "title": "test~~~", "myuser": 16, "datetime": "2013-12-13T19:15:32Z", "content": "\u54c8\u5229\u00b7\u6ce2\u7279\u4e0e\u6b7b\u4ea1\u5723\u5668 \u5f20\u89d2 0.372522703839", "rate": 2, "book": 3}}, {"pk": 246, "model": "rt.comment", "fields": {"spoiler": false, "title": "test~~~", "myuser": 16, "datetime": "2013-12-13T19:15:32Z", "content": "\u6570\u636e\u5e93\u7cfb\u7edf\u5e94\u7528\u6559\u7a0b \u5f20\u89d2 0.182814709728", "rate": 4, "book": 4}}, {"pk": 247, "model": "rt.comment", "fields": {"spoiler": false, "title": "test~~~", "myuser": 16, "datetime": "2013-12-13T19:15:32Z", "content": "\u6570\u636e\u5e93\u7cfb\u7edf\u5e94\u7528\u6559\u7a0b \u5f20\u89d2 0.811568282622", "rate": 2, "book": 4}}, {"pk": 248, "model": "rt.comment", "fields": {"spoiler": false, "title": "test~~~", "myuser": 16, "datetime": "2013-12-13T19:15:32Z", "content": "\u8ba1\u7b97\u673a\u7ec4\u6210\u539f\u7406 \u5f20\u89d2 0.888185426099", "rate": 5, "book": 5}}, {"pk": 249, "model": "rt.comment", "fields": {"spoiler": false, "title": "test~~~", "myuser": 16, "datetime": "2013-12-13T19:15:32Z", "content": "Industrial network security : securing critical infrastructure networks for Smart Grid, SCADA , and other industrial control systems \u5f20\u89d2 0.921049859172", "rate": 5, "book": 6}}, {"pk": 250, "model": "rt.comment", "fields": {"spoiler": false, "title": "test~~~", "myuser": 16, "datetime": "2013-12-13T19:15:32Z", "content": "Industrial network security : securing critical infrastructure networks for Smart Grid, SCADA , and other industrial control systems \u5f20\u89d2 0.891019882078", "rate": 4, "book": 6}}, {"pk": 251, "model": "rt.comment", "fields": {"spoiler": false, "title": "test~~~", "myuser": 16, "datetime": "2013-12-13T19:15:32Z", "content": "Industrial network security : securing critical infrastructure networks for Smart Grid, SCADA , and other industrial control systems \u5f20\u89d2 0.712565419346", "rate": 4, "book": 6}}, {"pk": 61, "model": "rt.rank", "fields": {"rank": 0, "version": 1, "book": 1, "value": 4.0, "sort_method": 0}}, {"pk": 62, "model": "rt.rank", "fields": {"rank": 1, "version": 1, "book": 2, "value": 4.0, "sort_method": 0}}, {"pk": 63, "model": "rt.rank", "fields": {"rank": 2, "version": 1, "book": 4, "value": 1.0, "sort_method": 0}}, {"pk": 64, "model": "rt.rank", "fields": {"rank": 3, "version": 1, "book": 5, "value": 1.0, "sort_method": 0}}, {"pk": 65, "model": "rt.rank", "fields": {"rank": 4, "version": 1, "book": 3, "value": 0.0, "sort_method": 0}}, {"pk": 66, "model": "rt.rank", "fields": {"rank": 5, "version": 1, "book": 6, "value": 0.0, "sort_method": 0}}, {"pk": 67, "model": "rt.rank", "fields": {"rank": 0, "version": 1, "book": 1, "value": 2.0, "sort_method": 1}}, {"pk": 68, "model": "rt.rank", "fields": {"rank": 1, "version": 1, "book": 2, "value": 0.0, "sort_method": 1}}, {"pk": 69, "model": "rt.rank", "fields": {"rank": 2, "version": 1, "book": 3, "value": 0.0, "sort_method": 1}}, {"pk": 70, "model": "rt.rank", "fields": {"rank": 3, "version": 1, "book": 4, "value": 0.0, "sort_method": 1}}, {"pk": 71, "model": "rt.rank", "fields": {"rank": 4, "version": 1, "book": 5, "value": 0.0, "sort_method": 1}}, {"pk": 72, "model": "rt.rank", "fields": {"rank": 5, "version": 1, "book": 6, "value": 0.0, "sort_method": 1}}, {"pk": 73, "model": "rt.rank", "fields": {"rank": 0, "version": 1, "book": 1, "value": 4.00000000000009, "sort_method": 2}}, {"pk": 74, "model": "rt.rank", "fields": {"rank": 1, "version": 1, "book": 2, "value": 0.0, "sort_method": 2}}, {"pk": 75, "model": "rt.rank", "fields": {"rank": 2, "version": 1, "book": 3, "value": 0.0, "sort_method": 2}}, {"pk": 76, "model": "rt.rank", "fields": {"rank": 3, "version": 1, "book": 4, "value": 0.0, "sort_method": 2}}, {"pk": 77, "model": "rt.rank", "fields": {"rank": 4, "version": 1, "book": 5, "value": 0.0, "sort_method": 2}}, {"pk": 78, "model": "rt.rank", "fields": {"rank": 5, "version": 1, "book": 6, "value": 0.0, "sort_method": 2}}, {"pk": 79, "model": "rt.rank", "fields": {"rank": 0, "version": 2, "book": 1, "value": 4.0, "sort_method": 0}}, {"pk": 80, "model": "rt.rank", "fields": {"rank": 1, "version": 2, "book": 2, "value": 4.0, "sort_method": 0}}, {"pk": 81, "model": "rt.rank", "fields": {"rank": 2, "version": 2, "book": 4, "value": 1.0, "sort_method": 0}}, {"pk": 82, "model": "rt.rank", "fields": {"rank": 3, "version": 2, "book": 5, "value": 1.0, "sort_method": 0}}, {"pk": 83, "model": "rt.rank", "fields": {"rank": 4, "version": 2, "book": 3, "value": 0.0, "sort_method": 0}}, {"pk": 84, "model": "rt.rank", "fields": {"rank": 5, "version": 2, "book": 6, "value": 0.0, "sort_method": 0}}, {"pk": 85, "model": "rt.rank", "fields": {"rank": 0, "version": 2, "book": 3, "value": 14.0, "sort_method": 1}}, {"pk": 86, "model": "rt.rank", "fields": {"rank": 1, "version": 2, "book": 6, "value": 14.0, "sort_method": 1}}, {"pk": 87, "model": "rt.rank", "fields": {"rank": 2, "version": 2, "book": 1, "value": 12.0, "sort_method": 1}}, {"pk": 88, "model": "rt.rank", "fields": {"rank": 3, "version": 2, "book": 5, "value": 12.0, "sort_method": 1}}, {"pk": 89, "model": "rt.rank", "fields": {"rank": 4, "version": 2, "book": 2, "value": 11.0, "sort_method": 1}}, {"pk": 90, "model": "rt.rank", "fields": {"rank": 5, "version": 2, "book": 4, "value": 11.0, "sort_method": 1}}, {"pk": 91, "model": "rt.rank", "fields": {"rank": 0, "version": 2, "book": 1, "value": 3.50000000000002, "sort_method": 2}}, {"pk": 92, "model": "rt.rank", "fields": {"rank": 1, "version": 2, "book": 6, "value": 3.21428571428572, "sort_method": 2}}, {"pk": 93, "model": "rt.rank", "fields": {"rank": 2, "version": 2, "book": 3, "value": 3.14285714285714, "sort_method": 2}}, {"pk": 94, "model": "rt.rank", "fields": {"rank": 3, "version": 2, "book": 4, "value": 3.09090909090909, "sort_method": 2}}, {"pk": 95, "model": "rt.rank", "fields": {"rank": 4, "version": 2, "book": 2, "value": 2.72727272727273, "sort_method": 2}}, {"pk": 96, "model": "rt.rank", "fields": {"rank": 5, "version": 2, "book": 5, "value": 2.41666666666666, "sort_method": 2}}]